<?xml version="1.0" encoding="UTF-8" standalone="yes"?>
<addons>
    <addon id="plugin.video.acestream_channels" name="Acestream Channels" version="1.0.0" provider-name="Gunter25">
        <extension point="xbmc.python.pluginsource" library="default.py">
            <requires>
                <import addon="xbmc.python" version="2.1.0"/>
            </requires>
        </extension>
        <extension point="xbmc.addon.metadata">
            <summary>Un plugin sencillo para reproducir canales mediante enlaces AceStream. INFO: Este addon solo almacena enlaces ya existentes online, no se hace responsable de su difusión ni de su reproducción. Ningún material listado es propio de este addon.</summary>
            <platform>all</platform>
        </extension>
    </addon>
</addons>
